Название - Город;URL - нзвание поддомена/папки;SEO окончание для title и description 
Абаза;abaza;в Абазе
Абакан;abakan;в Абакане
Абдулино;abdulino;в Абдулино
Абинск;abinsk;в Абинске
Агидель;agidel;в Агидели
Агрыз;agryz;в Агрызе
Адыгейск;adygejsk;в Адыгейске
Азнакаево;aznakaevo;в Азнакаево
Азов;azov;в Азове
Ак-Довурак;ak-dovurak;в Ак-Довураке
Аксай;aksaj;в Аксае
Алагир;alagir;в Алагире
Алапаевск;alapaevsk;в Алапаевске
Алатырь;alatyr;в Алатыре
Алдан;aldan;в Алдане
Алейск;alejsk;в Алейске
Александров;aleksandrov;в Александрове
Александровск;aleksandrovsk;в Александровске
Александровск-Сахалинский;aleksandrovsk-sahalinskij;в Александровске-Сахалинском
Алексеевка;alekseevka;в Алексеевке
Алексин;aleksin;в Алексине
Алзамай;alzamaj;в Алзамае
Алушта;alushta;в Алуште
Альметьевск;almetevsk;в Альметьевске
Амурск;amursk;в Амурске
Анадырь;anadyr;в Анадыре
Анапа;anapa;в Анапе
Ангарск;angarsk;в Ангарске
Андреаполь;andreapol;в Андреаполе
Анжеро-Судженск;anzhero-sudzhensk;в Анжеро-Судженске
Анива;aniva;в Аниве
Апатиты;apatity;в Апатитах
Апрелевка;aprelevka;в Апрелевке
Апшеронск;apsheronsk;в Апшеронске
Арамиль;aramil;в Арамиле
Аргун;argun;в Аргуне
Ардатов;ardatov;в Ардатове
Ардон;ardon;в Ардоне
Арзамас;arzamas;в Арзамасе
Аркадак;arkadak;в Аркадаке
Армавир;armavir;в Армавире
Армянск;armyansk;в Армянске
Арсеньев;arsenev;в Арсеньеве
Арск;arsk;в Арске
Артём;artyom;в Артёме
Артёмовск;artyomovsk;в Артёмовске
Артёмовский;artyomovskij;в Артёмовском
Архангельск;arhangelsk;в Архангельске
Асбест;asbest;в Асбесте
Асино;asino;в Асино
Астрахань;astrahan;в Астрахани
Аткарск;atkarsk;в Аткарске
Ахтубинск;ahtubinsk;в Ахтубинске
Ачинск;achinsk;в Ачинске
Аша;asha;в Аше
Бабаево;babaevo;в Бабаево
Бабушкин;babushkin;в Бабушкине
Бавлы;bavly;в Бавлах
Багратионовск;bagrationovsk;в Багратионовске
Байкальск;bajkalsk;в Байкальске
Баймак;bajmak;в Баймаке
Бакал;bakal;в Бакале
Баксан;baksan;в Баксане
Балабаново;balabanovo;в Балабаново
Балаково;balakovo;в Балаково
Балахна;balahna;в Балахне
Балашиха;balashiha;в Балашихе
Балашов;balashov;в Балашове
Балей;balej;в Балее
Балтийск;baltijsk;в Балтийске
Барабинск;barabinsk;в Барабинске
Барнаул;barnaul;в Барнауле
Барыш;barysh;в Барыше
Батайск;batajsk;в Батайске
Бежецк;bezheck;в Бежецке
Белая Калитва;belaya kalitva;в Белой Калитве
Белая Холуница;belaya holunica;в Белой Холунице
Белгород;belgorod;в Белгороде
Белебей;belebej;в Белебее
Белёв;belyov;в Белёве
Белинский;belinskij;в Белинском
Белово;belovo;в Белово
Белогорск;belogorsk;в Белогорске
Белозерск;belozersk;в Белозерске
Белокуриха;belokuriha;в Белокурихе
Беломорск;belomorsk;в Беломорске
Белорецк;beloreck;в Белорецке
Белореченск;belorechensk;в Белореченске
Белоусово;belousovo;в Белоусово
Белоярский;beloyarskij;в Белоярском
Белый;belyj;в Белом
Бердск;berdsk;в Бердске
Березники;berezniki;в Березниках
Берёзовский;beryozovskij;в Берёзовском
Беслан;beslan;в Беслане
Бийск;bijsk;в Бийске
Бикин;bikin;в Бикине
Билибино;bilibino;в Билибино
Биробиджан;birobidzhan;в Биробиджане
Бирск;birsk;в Бирске
Бирюсинск;biryusinsk;в Бирюсинске
Бирюч;biryuch;в Бирюче
Благовещенск;blagoveshchensk;в Благовещенске
Благодарный;blagodarnyj;в Благодарном
Бобров;bobrov;в Боброве
Богданович;bogdanovich;в Богдановиче
Богородицк;bogorodick;в Богородицке
Богородск;bogorodsk;в Богородске
Боготол;bogotol;в Боготоле
Богучар;boguchar;в Богучаре
Бодайбо;bodajbo;в Бодайбо
Бокситогорск;boksitogorsk;в Бокситогорске
Болгар;bolgar;в Болгаре
Бологое;bologoe;в Бологом
Болотное;bolotnoe;в Болотном
Болохово;bolohovo;в Болохово
Болхов;bolhov;в Болхове
Большой Камень;bolshoj kamen;в Большом Камень
Бор;bor;в Бору
Борзя;borzya;в Борзе
Борисоглебск;borisoglebsk;в Борисоглебске
Боровичи;borovichi;в Боровичах
Боровск;borovsk;в Боровске
Бородино;borodino;в Бородино
Братск;bratsk;в Братске
Бронницы;bronnicy;в Бронницах
Брянск;bryansk;в Брянске
Бугульма;bugulma;в Бугульме
Бугуруслан;buguruslan;в Бугуруслане
Будённовск;budyonnovsk;в Будённовске
Бузулук;buzuluk;в Бузулуке
Буй;buj;в Буе
Буйнакск;bujnaksk;в Буйнакске
Буинск;buinsk;в Буинске
Бутурлиновка;buturlinovka;в Бутурлиновке
Валдай;valdaj;в Валдае
Валуйки;valujki;в Валуйках
Велиж;velizh;в Велиже
Великие Луки;velikie luki;в Великих Луках
Великий Новгород;velikij novgorod;в Великом Новгороде
Великий Устюг;velikij ustyug;в Великом Устюге
Вельск;velsk;в Вельске
Венёв;venyov;в Венёве
Верещагино;vereshchagino;в Верещагино
Верея;vereya;в Верее
Верхнеуральск;verhneuralsk;в Верхнеуральске
Верхний Тагил;verhnij tagil;в Верхнем Тагиле
Верхний Уфалей;verhnij ufalej;в Верхнем Уфалее
Верхняя Пышма;verhnyaya pyshma;в Верхней Пышме
Верхняя Салда;verhnyaya salda;в Верхней Салде
Верхняя Тура;verhnyaya tura;в Верхней Туре
Верхотурье;verhoture;в Верхотурье
Верхоянск;verhoyansk;в Верхоянске
Весьегонск;vesegonsk;в Весьегонске
Ветлуга;vetluga;в Ветлуге
Видное;vidnoe;в Видном
Вилюйск;vilyujsk;в Вилюйске
Вилючинск;vilyuchinsk;в Вилючинске
Вихоревка;vihorevka;в Вихоревке
Вичуга;vichuga;в Вичуге
Владивосток;vladivostok;во Владивостоке
Владикавказ;vladikavkaz;во Владикавказе
Владимир;vladimir;во Владимире
Волгоград;volgograd;в Волгограде
Волгодонск;volgodonsk;в Волгодонске
Волгореченск;volgorechensk;в Волгореченске
Волжск;volzhsk;в Волжске
Волжский;volzhskij;в Волжском
Вологда;vologda;в Вологде
Володарск;volodarsk;в Володарске
Волоколамск;volokolamsk;в Волоколамске
Волосово;volosovo;в Волосово
Волхов;volhov;в Волхове
Волчанск;volchansk;в Волчанске
Вольск;volsk;в Вольске
Воркута;vorkuta;в Воркуте
Воронеж;voronezh;в Воронеже
Ворсма;vorsma;в Ворсме
Воскресенск;voskresensk;в Воскресенске
Воткинск;votkinsk;в Воткинске
Всеволожск;vsevolozhsk;во Всеволожске
Вуктыл;vuktyl;в Вуктылу
Выборг;vyborg;в Выборге
Выкса;vyksa;в Выксе
Высоковск;vysokovsk;в Высоковске
Высоцк;vysock;в Высоцке
Вытегра;vytegra;в Вытегре
Вышний Волочёк;vyshnij volochyok;в Вышнем Волочке
Вяземский;vyazemskij;в Вяземском
Вязники;vyazniki;в Вязниках
Вязьма;vyazma;в Вязьме
Вятские Поляны;vyatskie polyany;на Вятских Полянах
Гаврилов Посад;gavrilov posad;в Гавриловом Посаде
Гаврилов-Ям;gavrilov-yam;в Гавриловом-Яме
Гагарин;gagarin;в Гагарине
Гаджиево;gadzhievo;в Гаджиево
Гай;gaj;в Гае
Галич;galich;в Галиче
Гатчина;gatchina;в Гатчине
Гвардейск;gvardejsk;в Гвардейске
Гдов;gdov;в Гдове
Геленджик;gelendzhik;в Геленджике
Георгиевск;georgievsk;в Георгиевске
Глазов;glazov;в Глазове
Голицыно;golicyno;в Голицыно
Горбатов;gorbatov;в Горбатове
Горно-Алтайск;gorno-altajsk;в Горно-Алтайске
Горнозаводск;gornozavodsk;в Горнозаводске
Горняк;gornyak;в Горняке
Городец;gorodec;в Городце
Городище;gorodishche;в Городище
Городовиковск;gorodovikovsk;в Городовиковске
Гороховец;gorohovec;в Гороховце
Горячий Ключ;goryachij klyuch;в Горячем Ключе
Грайворон;grajvoron;в Грайвороне
Гремячинск;gremyachinsk;в Гремячинске
Грозный;groznyj;в Грозном
Грязи;gryazi;в Грязях
Грязовец;gryazovec;в Грязовце
Губаха;gubaha;в Губахе
Губкин;gubkin;в Губкине
Губкинский;gubkinskij;в Губкинском
Гудермес;gudermes;в Гудермесе
Гуково;gukovo;в Гуково
Гулькевичи;gulkevichi;в Гулькевичах
Гурьевск;gurevsk;в Гурьевске
Гусев;gusev;в Гусеве
Гусиноозёрск;gusinoozyorsk;в Гусиноозёрске
Гусь-Хрустальный;gus-hrustalnyj;в Гусь-Хрустальном
Давлеканово;davlekanovo;в Давлеканово
Дагестанские Огни;dagestanskie ogni;в Дагестанских Огнях
Далматово;dalmatovo;в Далматово
Дальнегорск;dalnegorsk;в Дальнегорске
Дальнереченск;dalnerechensk;в Дальнереченске
Данилов;danilov;в Данилове
Данков;dankov;в Данкове
Дегтярск;degtyarsk;в Дегтярске
Дедовск;dedovsk;в Дедовске
Демидов;demidov;в Демидове
Дербент;derbent;в Дербенте
Десногорск;desnogorsk;в Десногорске
Джанкой;dzhankoj;в Джанком
Дзержинск;dzerzhinsk;в Дзержинске
Дзержинский;dzerzhinskij;в Дзержинском
Дивногорск;divnogorsk;в Дивногорске
Дигора;digora;в Дигоре
Димитровград;dimitrovgrad;в Димитровграде
Дмитриев;dmitriev;в Дмитриеве
Дмитров;dmitrov;в Дмитрове
Дмитровск;dmitrovsk;в Дмитровске
Дно;dno;в Дне
Добрянка;dobryanka;в Добрянке
Долгопрудный;dolgoprudnyj;в Долгопрудном
Долинск;dolinsk;в Долинске
Домодедово;domodedovo;в Домодедово
Донецк;doneck;в Донецке
Донской;donskoj;в Донском
Дорогобуж;dorogobuzh;в Дорогобуже
Дрезна;drezna;в Дрезне
Дубна;dubna;в Дубне
Дубовка;dubovka;в Дубовке
Дудинка;dudinka;в Дудинке
Духовщина;duhovshchina;в Духовщине
Дюртюли;dyurtyuli;в Дюртюлях
Дятьково;dyatkovo;в Дятьково
Евпатория;evpatoriya;в Евпатории
Егорьевск;egorevsk;в Егорьевске
Ейск;ejsk;в Ейске
Екатеринбург;ekaterinburg;в Екатеринбурге
Елабуга;elabuga;в Елабуге
Елец;elec;в Ельце
Елизово;elizovo;в Елизово
Ельня;elnya;в Ельне
Еманжелинск;emanzhelinsk;в Еманжелинске
Емва;emva;в Емве
Енисейск;enisejsk;в Енисейске
Ермолино;ermolino;в Ермолино
Ершов;ershov;в Ершове
Ессентуки;essentuki;в Ессентуках
Ефремов;efremov;в Ефремове
Железноводск;zheleznovodsk;в Железноводске
Железногорск;zheleznogorsk;в Железногорске
Железногорск-Илимский;zheleznogorsk-ilimskij;в Железногорске-Илимском
Железнодорожный;zheleznodorozhnyj;в Железнодорожном
Жердевка;zherdevka;в Жердевке
Жигулёвск;zhigulyovsk;в Жигулёвске
Жиздра;zhizdra;в Жиздре
Жирновск;zhirnovsk;в Жирновске
Жуков;zhukov;в Жукове
Жуковка;zhukovka;в Жуковке
Жуковский;zhukovskij;в Жуковском
Завитинск;zavitinsk;в Завитинске
Заводоуковск;zavodoukovsk;в Заводоуковске
Заволжск;zavolzhsk;в Заволжске
Заволжье;zavolzhe;в Заволжье
Задонск;zadonsk;в Задонске
Заинск;zainsk;в Заинске
Закаменск;zakamensk;в Закаменске
Заозёрный;zaozyornyj;в Заозёрном
Заозёрск;zaozyorsk;в Заозёрске
Западная Двина;zapadnaya dvina;в Западной Двине
Заполярный;zapolyarnyj;в Заполярном
Зарайск;zarajsk;в Зарайске
Заречный;zarechnyj;в Заречном
Заринск;zarinsk;в Заринске
Звенигово;zvenigovo;в Звенигово
Звенигород;zvenigorod;в Звенигороде
Зверево;zverevo;в Зверево
Зеленогорск;zelenogorsk;в Зеленогорске
Зеленоградск;zelenogradsk;в Зеленоградске
Зеленодольск;zelenodolsk;в Зеленодольске
Зеленокумск;zelenokumsk;в Зеленокумске
Зерноград;zernograd;в Зернограде
Зея;zeya;в Зее
Зима;zima;в Зиме
Златоуст;zlatoust;в Златоусте
Злынка;zlynka;в Злынке
Змеиногорск;zmeinogorsk;в Змеиногорске
Знаменск;znamensk;в Знаменске
Зубцов;zubcov;в Зубцове
Зуевка;zuevka;в Зуевке
Ивангород;ivangorod;в Ивангороде
Иваново;ivanovo;в Иваново
Ивантеевка;ivanteevka;в Ивантеевке
Ивдель;ivdel;в Ивделе
Игарка;igarka;в Игарке
Ижевск;izhevsk;в Ижевске
Избербаш;izberbash;в Избербаше
Изобильный;izobilnyj;в Изобильном
Иланский;ilanskij;в Иланском
Инза;inza;в Инзе
Инсар;insar;в Инсаре
Инта;inta;в Инте
Йошкар-Ола;joshkar-ola;в Йошкар-Оле
Ипатово;ipatovo;в Ипатово
Ирбит;irbit;в Ирбите
Иркутск;irkutsk;в Иркутске
Исилькуль;isilkul;в Исилькуле
Искитим;iskitim;в Искитиме
Истра;istra;в Истре
Ишим;ishim;в Ишиме
Ишимбай;ishimbaj;в Ишимбае
Кадников;kadnikov;в Кадникове
Казань;kazan;в Казани
Калач;kalach;в Калаче
Калачинск;kalachinsk;в Калачинске
Калач-на-Дону;kalach-na-donu;в Калаче-на-Дону
Калининград;kaliningrad;в Калининграде
Калининск;kalininsk;в Калининске
Калтан;kaltan;в Калтане
Калуга;kaluga;в Калуге
Калязин;kalyazin;в Калязине
Камбарка;kambarka;в Камбарке
Каменка;kamenka;в Каменке
Каменногорск;kamennogorsk;в Каменногорске
Каменск-Уральский;kamensk-uralskij;в Каменске-Уральском
Каменск-Шахтинский;kamensk-shahtinskij;в Каменске-Шахтинском
Камень-на-Оби;kamen-na-obi;в Камне-на-Оби
Камешково;kameshkovo;в Камешково
Камызяк;kamyzyak;в Камызяке
Камышин;kamyshin;в Камышине
Камышлов;kamyshlov;в Камышлове
Канаш;kanash;в Канаше
Кандалакша;kandalaksha;в Кандалакше
Канск;kansk;в Канске
Карабаново;karabanovo;в Карабаново
Карабаш;karabash;в Карабаше
Карабулак;karabulak;в Карабулаке
Карасук;karasuk;в Карасуке
Карачаевск;karachaevsk;в Карачаевске
Карачев;karachev;в Карачеве
Каргат;kargat;в Каргате
Каргополь;kargopol;в Каргополе
Карпинск;karpinsk;в Карпинске
Карталы;kartaly;в Карталах
Касимов;kasimov;в Касимове
Касли;kasli;в Каслях
Каспийск;kaspijsk;в Каспийске
Катав-Ивановск;katav-ivanovsk;в Катав-Ивановске
Катайск;katajsk;в Катайске
Качканар;kachkanar;в Качканаре
Кашин;kashin;в Кашине
Кашира;kashira;в Кашире
Кедровый;kedrovyj;в Кедровом
Кемерово;kemerovo;в Кемерово
Кемь;kem;в Кеми
Керчь;kerch;в Керчи
Кизел;kizel;в Кизеле
Кизилюрт;kizilyurt;в Кизилюрте
Кизляр;kizlyar;в Кизляре
Кимовск;kimovsk;в Кимовске
Кимры;kimry;в Кимрах
Кингисепп;kingisepp;в Кингисеппе
Кинель;kinel;в Кинеле
Кинешма;kineshma;в Кинешме
Киреевск;kireevsk;в Киреевске
Киренск;kirensk;в Киренске
Киржач;kirzhach;в Киржаче
Кириллов;kirillov;в Кириллове
Кириши;kirishi;в Киришах
Киров;kirov;в Кирове
Кировград;kirovgrad;в Кировграде
Кирово-Чепецк;kirovo-chepeck;в Кирово-Чепецке
Кировск;kirovsk;в Кировске
Кирс;kirs;в Кирсе
Кирсанов;kirsanov;в Кирсанове
Киселёвск;kiselyovsk;в Киселёвске
Кисловодск;kislovodsk;в Кисловодске
Климовск;klimovsk;в Климовске
Клин;klin;в Клине
Клинцы;klincy;в Клинцах
Княгинино;knyaginino;в Княгинино
Ковдор;kovdor;в Ковдоре
Ковров;kovrov;в Коврове
Ковылкино;kovylkino;в Ковылкино
Когалым;kogalym;в Когалыме
Кодинск;kodinsk;в Кодинске
Козельск;kozelsk;в Козельске
Козловка;kozlovka;в Козловке
Козьмодемьянск;kozmodemyansk;в Козьмодемьянске
Кола;kola;в Коле
Кологрив;kologriv;в Кологриве
Коломна;kolomna;в Коломне
Колпашево;kolpashevo;в Колпашево
Колпино;kolpino;в Колпино
Кольчугино;kolchugino;в Кольчугино
Коммунар;kommunar;в Коммунаре
Комсомольск;komsomolsk;в Комсомольске
Комсомольск-на-Амуре;komsomolsk-na-amure;в Комсомольске-на-Амуре
Конаково;konakovo;в Конаково
Кондопога;kondopoga;в Кондопоге
Кондрово;kondrovo;в Кондрово
Константиновск;konstantinovsk;в Константиновске
Копейск;kopejsk;в Копейске
Кораблино;korablino;в Кораблино
Кореновск;korenovsk;в Кореновске
Коркино;korkino;в Коркино
Королёв;korolyov;в Королёве
Короча;korocha;в Короче
Корсаков;korsakov;в Корсакове
Коряжма;koryazhma;в Коряжме
Костерёво;kosteryovo;в Костерёво
Костомукша;kostomuksha;в Костомукше
Кострома;kostroma;в Костроме
Котельники;kotelniki;в Котельниках
Котельниково;kotelnikovo;в Котельниково
Котельнич;kotelnich;в Котельниче
Котлас;kotlas;в Котласе
Котово;kotovo;в Котово
Котовск;kotovsk;в Котовске
Кохма;kohma;в Кохме
Красавино;krasavino;в Красавино
Красноармейск;krasnoarmejsk;в Красноармейске
Красновишерск;krasnovishersk;в Красновишерске
Красногорск;krasnogorsk;в Красногорске
Краснодар;krasnodar;в Краснодаре
Красное Село;krasnoe selo;в Красном Селе
Краснозаводск;krasnozavodsk;в Краснозаводске
Краснознаменск;krasnoznamensk;в Краснознаменске
Краснокаменск;krasnokamensk;в Краснокаменске
Краснокамск;krasnokamsk;в Краснокамске
Красноперекопск;krasnoperekopsk;в Красноперекопске
Краснослободск;krasnoslobodsk;в Краснослободске
Краснотурьинск;krasnoturinsk;в Краснотурьинске
Красноуральск;krasnouralsk;в Красноуральске
Красноуфимск;krasnoufimsk;в Красноуфимске
Красноярск;krasnoyarsk;в Красноярске
Красный Кут;krasnyj kut;в Красном Куте
Красный Сулин;krasnyj sulin;в Красном Сулине
Красный Холм;krasnyj holm;в Красном Холме
Кремёнки;kremyonki;в Кремёнках
Кронштадт;kronshtadt;в Кронштадте
Кропоткин;kropotkin;в Кропоткине
Крымск;krymsk;в Крымске
Кстово;kstovo;в Кстово
Кубинка;kubinka;в Кубинке
Кувандык;kuvandyk;в Кувандыке
Кувшиново;kuvshinovo;в Кувшиново
Кудымкар;kudymkar;в Кудымкаре
Кузнецк;kuzneck;в Кузнецке
Куйбышев;kujbyshev;в Куйбышеве
Кулебаки;kulebaki;в Кулебаках
Кумертау;kumertau;в Кумертау
Кунгур;kungur;в Кунгуре
Купино;kupino;в Купино
Курган;kurgan;в Кургане
Курганинск;kurganinsk;в Курганинске
Курильск;kurilsk;в Курильске
Курлово;kurlovo;в Курлово
Куровское;kurovskoe;в Куровском
Курск;kursk;в Курске
Куртамыш;kurtamysh;в Куртамыше
Курчатов;kurchatov;в Курчатове
Куса;kusa;в Кусе
Кушва;kushva;в Кушве
Кызыл;kyzyl;в Кызыле
Кыштым;kyshtym;в Кыштыме
Кяхта;kyahta;в Кяхте
Лабинск;labinsk;в Лабинске
Лабытнанги;labytnangi;в Лабытнанги
Лагань;lagan;в Лагани
Ладушкин;ladushkin;в Ладушкине
Лаишево;laishevo;в Лаишево
Лакинск;lakinsk;в Лакинске
Лангепас;langepas;в Лангепасе
Лахденпохья;lahdenpohya;в Лахденпохье
Лебедянь;lebedyan;в Лебедяни
Лениногорск;leninogorsk;в Лениногорске
Ленинск;leninsk;в Ленинске
Ленинск-Кузнецкий;leninsk-kuzneckij;в Ленинске-Кузнецком
Ленск;lensk;в Ленске
Лермонтов;lermontov;в Лермонтове
Лесной;lesnoj;в Лесном
Лесозаводск;lesozavodsk;в Лесозаводске
Лесосибирск;lesosibirsk;в Лесосибирске
Ливны;livny;в Ливнах
Ликино-Дулёво;likino-dulyovo;в Ликино-Дулёво
Липецк;lipeck;в Липецке
Липки;lipki;в Липках
Лиски;liski;в Лисках
Лихославль;lihoslavl;в Лихославле
Лобня;lobnya;в Лобне
Лодейное Поле;lodejnoe pole;в Лодейном Поле
Ломоносов;lomonosov;в Ломоносове
Лосино-Петровский;losino-petrovskij;в Лосино-Петровском
Луга;luga;на Лугах
Луза;luza;в Лузе
Лукоянов;lukoyanov;в Лукоянове
Луховицы;luhovicy;в Луховицах
Лысково;lyskovo;в Лысково
Лысьва;lysva;в Лысьве
Лыткарино;lytkarino;в Лыткарино
Льгов;lgov;во Льгове
Любань;lyuban;в Любане
Люберцы;lyubercy;в Люберцах
Любим;lyubim;в Любиме
Людиново;lyudinovo;в Людиново
Лянтор;lyantor;в Лянторе
Магадан;magadan;в Магадане
Магас;magas;в Магасе
Магнитогорск;magnitogorsk;в Магнитогорске
Майкоп;majkop;в Майкопе
Майский;majskij;в Майском
Макаров;makarov;в Макарове
Макарьев;makarev;в Макарьеве
Макушино;makushino;в Макушино
Малая Вишера;malaya vishera;в Малой Вишере
Малгобек;malgobek;в Малгобеке
Малмыж;malmyzh;в Малмыже
Малоархангельск;maloarhangelsk;в Малоархангельске
Малоярославец;maloyaroslavec;в Малоярославце
Мамадыш;mamadysh;в Мамадыше
Мамоново;mamonovo;в Мамоново
Мантурово;manturovo;в Мантурово
Мариинск;mariinsk;в Мариинске
Мариинский Посад;mariinskij posad;в Мариинском Посаде
Маркс;marks;в Марксе
Махачкала;mahachkala;в Махачкале
Мглин;mglin;в Мглине
Мегион;megion;в Мегионе
Медвежьегорск;medvezhegorsk;в Медвежьегорске
Медногорск;mednogorsk;в Медногорске
Медынь;medyn;в Медыни
Межгорье;mezhgore;в Межгорье
Междуреченск;mezhdurechensk;в Междуреченске
Мезень;mezen;в Мезени
Меленки;melenki;в Меленках
Мелеуз;meleuz;в Мелеузе
Менделеевск;mendeleevsk;в Менделеевске
Мензелинск;menzelinsk;в Мензелинске
Мещовск;meshchovsk;в Мещовске
Миасс;miass;в Миассе
Микунь;mikun;в Микуне
Миллерово;millerovo;в Миллерово
Минеральные Воды;mineralnye vody;в Минеральных Водах
Минусинск;minusinsk;в Минусинске
Миньяр;minyar;в Миньяре
Мирный;mirnyj;в Мирном
Михайлов;mihajlov;в Михайлове
Михайловка;mihajlovka;в Михайловке
Михайловск;mihajlovsk;в Михайловске
Мичуринск;michurinsk;в Мичуринске
Могоча;mogocha;в Могоче
Можайск;mozhajsk;в Можайске
Можга;mozhga;в Можге
Моздок;mozdok;в Моздоке
Мончегорск;monchegorsk;в Мончегорске
Морозовск;morozovsk;в Морозовске
Моршанск;morshansk;в Моршанске
Мосальск;mosalsk;в Мосальске
Москва;moskva;в Москве
Московский;moskovskij;в Московском
Муравленко;muravlenko;в Муравленко
Мураши;murashi;в Мурашах
Мурманск;murmansk;в Мурманске
Муром;murom;в Муроме
Мценск;mcensk;во Мценске
Мыски;myski;в Мысках
Мытищи;mytishchi;в Мытищах
Мышкин;myshkin;в Мышкине
Набережные Челны;naberezhnye chelny;в Набережных Челнах
Навашино;navashino;в Навашино
Наволоки;navoloki;в Наволоках
Надым;nadym;в Надыме
Назарово;nazarovo;в Назарово
Назрань;nazran;в Назрани
Называевск;nazyvaevsk;в Называевске
Нальчик;nalchik;в Нальчике
Нариманов;narimanov;в Нариманове
Наро-Фоминск;naro-fominsk;в Наро-Фоминске
Нарткала;nartkala;в Нарткале
Нарьян-Мар;naryan-mar;в Нарьян-Маре
Находка;nahodka;в Находке
Невель;nevel;в Невеле
Невельск;nevelsk;в Невельске
Невинномысск;nevinnomyssk;в Невинномысске
Невьянск;nevyansk;в Невьянске
Нелидово;nelidovo;в Нелидово
Неман;neman;в Немане
Нерехта;nerekhta;в Нерехте
Нерчинск;nerchinsk;в Нерчинске
Нерюнгри;neryungri;в Нерюнгри
Нестеров;nesterov;в Нестерове
Нефтегорск;neftegorsk;в Нефтегорске
Нефтекамск;neftekamsk;в Нефтекамске
Нефтекумск;neftekumsk;в Нефтекумске
Нефтеюганск;nefteyugansk;в Нефтеюганске
Нея;neya;в Нее
Нижневартовск;nizhnevartovsk;в Нижневартовске
Нижнекамск;nizhnekamsk;в Нижнекамске
Нижнеудинск;nizhneudinsk;в Нижнеудинске
Нижние Серги;nizhnie sergi;в Нижних Сергах
Нижний Ломов;nizhnij lomov;в Нижнем Ломове
Нижний Новгород;nizhnij novgorod;в Нижнем Новгороде
Нижний Тагил;nizhnij tagil;в Нижнем Тагиле
Нижняя Салда;nizhnyaya salda;в Нижней Салде
Нижняя Тура;nizhnyaya tura;в Нижней Туре
Николаевск;nikolaevsk;в Николаевске
Николаевск-на-Амуре;nikolaevsk-na-amure;в Николаевске-на-Амуре
Никольск;nikolsk;в Никольске
Никольское;nikolskoe;в Никольском
Новая Ладога;novaya ladoga;в Новой Ладоге
Новая Ляля;novaya lyalya;в Новой Ляле
Новоалександровск;novoaleksandrovsk;в Новоалександровске
Новоалтайск;novoaltajsk;в Новоалтайске
Новоаннинский;novoanninskij;в Новоаннинском
Нововоронеж;novovoronezh;в Нововоронеже
Новодвинск;novodvinsk;в Новодвинске
Новозыбков;novozybkov;в Новозыбкове
Новокубанск;novokubansk;в Новокубанске
Новокузнецк;novokuzneck;в Новокузнецке
Новокуйбышевск;novokujbyshevsk;в Новокуйбышевске
Новомичуринск;novomichurinsk;в Новомичуринске
Новомосковск;novomoskovsk;в Новомосковске
Новопавловск;novopavlovsk;в Новопавловске
Новоржев;novorzhev;в Новоржеве
Новороссийск;novorossijsk;в Новороссийске
Новосибирск;novosibirsk;в Новосибирске
Новосиль;novosil;в Новосиле
Новосокольники;novosokolniki;в Новосокольниках
Новотроицк;novotroick;в Новотроицке
Новоузенск;novouzensk;в Новоузенске
Новоульяновск;novoulyanovsk;в Новоульяновске
Новоуральск;novouralsk;в Новоуральске
Новохопёрск;novohopyorsk;в Новохопёрске
Новочебоксарск;novocheboksarsk;в Новочебоксарске
Новочеркасск;novocherkassk;в Новочеркасске
Новошахтинск;novoshahtinsk;в Новошахтинске
Новый Оскол;novyj oskol;в Новом Осколе
Новый Уренгой;novyj urengoj;в Новом Уренгое
Ногинск;noginsk;в Ногинске
Нолинск;nolinsk;в Нолинске
Норильск;norilsk;в Норильске
Ноябрьск;noyabrsk;в Ноябрьске
Нурлат;nurlat;в Нурлате
Нытва;nytva;в Нытве
Нюрба;nyurba;в Нюрбе
Нягань;nyagan;в Нягани
Нязепетровск;nyazepetrovsk;в Нязепетровске
Няндома;nyandoma;в Няндоме
Облучье;obluche;в Облучье
Обнинск;obninsk;в Обнинске
Обоянь;oboyan;в Обояни
Обь;ob;в Оби
Одинцово;odincovo;в Одинцово
Ожерелье;ozherele;в Ожерелье
Озёрск;ozyorsk;в Озёрске
Озёры;ozyory;в Озёрах
Октябрьск;oktyabrsk;в Октябрьске
Октябрьский;oktyabrskij;в Октябрьском
Окуловка;okulovka;в Окуловке
Олёкминск;olyokminsk;в Олёкминске
Оленегорск;olenegorsk;в Оленегорске
Олонец;olonec;в Олонце
Омск;omsk;в Омске
Омутнинск;omutninsk;в Омутнинске
Онега;onega;в Онеге
Опочка;opochka;в Опочке
Орёл;oryol;в Орле
Оренбург;orenburg;в Оренбурге
Орехово-Зуево;orekhovo-zuevo;в Орехово-Зуево
Орлов;orlov;в Орлове
Орск;orsk;в Орске
Оса;osa;в Осе
Осинники;osinniki;в Осинниках
Осташков;ostashkov;в Осташкове
Остров;ostrov;на Острове
Островной;ostrovnoj;в Островном
Острогожск;ostrogozhsk;в Острогожске
Отрадное;otradnoe;в Отрадном
Отрадный;otradnyj;в Отрадном
Оха;oha;в Охе
Оханск;ohansk;в Оханске
Очёр;ochyor;в Очёре
Павлово;pavlovo;в Павлово
Павловск;pavlovsk;в Павловске
Павловский Посад;pavlovskij posad;в Павловском Посаде
Палласовка;pallasovka;в Палласовке
Партизанск;partizansk;в Партизанске
Певек;pevek;в Певеке
Пенза;penza;в Пензе
Первомайск;pervomajsk;в Первомайске
Первоуральск;pervouralsk;в Первоуральске
Перевоз;perevoz;в Перевозе
Пересвет;peresvet;в Пересвете
Переславль-Залесский;pereslavl-zalesskij;в Переславле-Залесском
Пермь;perm;в Перми
Пестово;pestovo;в Пестово
Петергоф;petergof;в Петергофе
Петров Вал;petrov val;в Петрове Вале
Петровск;petrovsk;в Петровске
Петровск-Забайкальский;petrovsk-zabajkalskij;в Петровске-Забайкальском
Петрозаводск;petrozavodsk;в Петрозаводске
Петропавловск-Камчатский;petropavlovsk-kamchatskij;в Петропавловске-Камчатском
Петухово;petuhovo;в Петухово
Петушки;petushki;в Петушках
Печора;pechora;в Печоре
Печоры;pechory;в Печорах
Пикалёво;pikalyovo;в Пикалёво
Пионерский;pionerskij;в Пионерском
Питкяранта;pitkyaranta;в Питкяранте
Плавск;plavsk;в Плавске
Пласт;plast;в Пласте
Плёс;plyos;в Плёсе
Поворино;povorino;в Поворино
Подольск;podolsk;в Подольске
Подпорожье;podporozhe;в Подпорожье
Покачи;pokachi;в Покачах
Покров;pokrov;в Покрове
Покровск;pokrovsk;в Покровске
Полевской;polevskoj;в Полевском
Полесск;polessk;в Полесске
Полысаево;polysaevo;в Полысаево
Полярные Зори;polyarnye zori;в Полярных Зорях
Полярный;polyarnyj;в Полярном
Поронайск;poronajsk;в Поронайске
Порхов;porhov;в Порхове
Похвистнево;pohvistnevo;в Похвистнево
Почеп;pochep;в Почепе
Починок;pochinok;в Починке
Пошехонье;poshekhone;в Пошехонье
Правдинск;pravdinsk;в Правдинске
Приволжск;privolzhsk;в Приволжске
Приморск;primorsk;в Приморске
Приморско-Ахтарск;primorsko-ahtarsk;в Приморско-Ахтарске
Приозерск;priozersk;в Приозерске
Прокопьевск;prokopevsk;в Прокопьевске
Пролетарск;proletarsk;в Пролетарске
Протвино;protvino;в Протвино
Прохладный;prohladnyj;в Прохладном
Псков;pskov;в Пскове
Пугачёв;pugachyov;в Пугачёве
Пудож;pudozh;в Пудоже
Пустошка;pustoshka;в Пустошке
Пучеж;puchezh;в Пучеже
Пушкин;pushkin;в Пушкине
Пушкино;pushkino;в Пушкино
Пущино;pushchino;в Пущино
Пыталово;pytalovo;в Пыталово
Пыть-Ях;pyt-yah;в Пыть-Яхе
Пятигорск;pyatigorsk;в Пятигорске
Радужный;raduzhnyj;в Радужном
Райчихинск;rajchihinsk;в Райчихинске
Раменское;ramenskoe;в Раменском
Рассказово;rasskazovo;в Рассказово
Ревда;revda;в Ревде
Реж;rezh;в Реже
Реутов;reutov;в Реутове
Ржев;rzhev;в Ржеве
Родники;rodniki;в Родниках
Рославль;roslavl;в Рославле
Россошь;rossosh;в Россоши
Ростов;rostov;в Ростове
Ростов-на-Дону;rostov-na-donu;в Ростове-на-Дону
Рошаль;roshal;в Рошале
Ртищево;rtishchevo;в Ртищево
Рубцовск;rubcovsk;в Рубцовске
Рудня;rudnya;в Рудне
Руза;ruza;в Рузе
Рузаевка;ruzaevka;в Рузаевке
Рыбинск;rybinsk;в Рыбинске
Рыбное;rybnoe;в Рыбном
Рыльск;rylsk;в Рыльске
Ряжск;ryazhsk;в Ряжске
Рязань;ryazan;в Рязани
Саки;saki;в Саках
Сакский район;sakskij rajon;в Сакском районе
Салават;salavat;в Салавате
Салаир;salair;в Салаире
Салехард;salekhard;в Салехарде
Сальск;salsk;в Сальске
Самара;samara;в Самаре
Санкт-Петербург;sankt-peterburg;в Санкт-Петербурге
Саранск;saransk;в Саранске
Сарапул;sarapul;в Сарапуле
Саратов;saratov;в Саратове
Саров;sarov;в Сарове
Сасово;sasovo;в Сасово
Сатка;satka;в Сатке
Сафоново;safonovo;в Сафоново
Саяногорск;sayanogorsk;в Саяногорске
Саянск;sayansk;в Саянске
Светлогорск;svetlogorsk;в Светлогорске
Светлоград;svetlograd;в Светлограде
Светлый;svetlyj;в Светлом
Светогорск;svetogorsk;в Светогорске
Свирск;svirsk;в Свирске
Свободный;svobodnyj;в Свободном
Себеж;sebezh;в Себеже
Севастополь;sevastopol;в Севастополе
Северобайкальск;severobajkalsk;в Северобайкальске
Северодвинск;severodvinsk;в Северодвинске
Северо-Курильск;severo-kurilsk;в Северо-Курильске
Североморск;severomorsk;в Североморске
Североуральск;severouralsk;в Североуральске
Северск;seversk;в Северске
Севск;sevsk;в Севске
Сегежа;segezha;в Сегеже
Сельцо;selco;в Сельце
Семёнов;semyonov;в Семёнове
Семикаракорск;semikarakorsk;в Семикаракорске
Семилуки;semiluki;в Семилуках
Сенгилей;sengilej;в Сенгилее
Серафимович;serafimovich;в Серафимовиче
Сергач;sergach;в Сергаче
Сергиев Посад;sergiev posad;в Сергиевом Посаде
Сердобск;serdobsk;в Сердобске
Серов;serov;в Серове
Серпухов;serpuhov;в Серпухове
Сертолово;sertolovo;в Сертолово
Сестрорецк;sestroreck;в Сестрорецке
Сибай;sibaj;в Сибае
Сим;sim;в Симе
Симферополь;simferopol;в Симферополе
Сковородино;skovorodino;в Сковородино
Скопин;skopin;в Скопине
Славгород;slavgorod;в Славгороде
Славск;slavsk;в Славске
Славянск-на-Кубани;slavyansk-na-kubani;в Славянске-на-Кубани
Сланцы;slancy;в Сланцах
Слободской;slobodskoj;в Слободском
Слюдянка;slyudyanka;в Слюдянке
Смоленск;smolensk;в Смоленске
Снежинск;snezhinsk;в Снежинске
Снежногорск;snezhnogorsk;в Снежногорске
Собинка;sobinka;в Собинке
Советск;sovetsk;в Советске
Советская Гавань;sovetskaya gavan;в Советской Гавани
Советский;sovetskij;в Советском
Сокол;sokol;в Соколе
Солигалич;soligalich;в Солигаличе
Соликамск;solikamsk;в Соликамске
Солнечногорск;solnechnogorsk;в Солнечногорске
Сольвычегодск;solvychegodsk;в Сольвычегодске
Соль-Илецк;sol-ileck;в Соль-Илецке
Сольцы;solcy;в Сольцах
Сорочинск;sorochinsk;в Сорочинске
Сорск;sorsk;в Сорске
Сортавала;sortavala;в Сортавале
Сосенский;sosenskij;в Сосенском
Сосновка;sosnovka;в Сосновке
Сосновоборск;sosnovoborsk;в Сосновоборске
Сосновый Бор;sosnovyj bor;в Сосновом Бору
Сосногорск;sosnogorsk;в Сосногорске
Сочи;sochi;в Сочи
Спас-Деменск;spas-demensk;в Спас-Деменске
Спас-Клепики;spas-klepiki;в Спас-Клепиках
Спасск;spassk;в Спасске
Спасск-Дальний;spassk-dalnij;в Спасске-Дальнем
Спасск-Рязанский;spassk-ryazanskij;в Спасск-Рязанском
Среднеколымск;srednekolymsk;в Среднеколымске
Среднеуральск;sredneuralsk;в Среднеуральске
Сретенск;sretensk;в Сретенске
Ставрополь;stavropol;в Ставрополе
Старая Купавна;staraya kupavna;в Старой Купавне
Старая Русса;staraya russa;в Старой Руссе
Старица;starica;в Старице
Стародуб;starodub;в Стародубе
Старый Оскол;staryj oskol;в Старом Осколе
Стерлитамак;sterlitamak;в Стерлитамаке
Стрежевой;strezhevoj;в Стрежевом
Строитель;stroitel;в Строителе
Струнино;strunino;в Струнино
Ступино;stupino;в Ступино
Суворов;suvorov;в Суворове
Судак;sudak;в Судаке
Суджа;sudzha;в Судже
Судогда;sudogda;в Судогде
Суздаль;suzdal;в Суздале
Суоярви;suoyarvi;в Суоярви
Сураж;surazh;в Сураже
Сургут;surgut;в Сургуте
Суровикино;surovikino;в Суровикино
Сурск;sursk;в Сурске
Сусуман;susuman;в Сусумане
Сухиничи;suhinichi;в Сухиничах
Сухой Лог;suhoj log;в Сухом Логу
Сызрань;syzran;в Сызрани
Сыктывкар;syktyvkar;в Сыктывкаре
Сысерть;sysert;в Сысерти
Сычёвка;sychyovka;в Сычёвке
Сясьстрой;syasstroj;в Сясьстрое
Тавда;tavda;в Тавде
Таганрог;taganrog;в Таганроге
Тайга;tajga;в Тайге
Тайшет;tajshet;в Тайшете
Талдом;taldom;в Талдоме
Талица;talica;в Талице
Тамбов;tambov;в Тамбове
Тара;tara;в Таре
Тарко-Сале;tarko-sale;в Тарко-Сале
Таруса;tarusa;в Тарусе
Татарск;tatarsk;в Татарске
Таштагол;tashtagol;в Таштаголе
Тверь;tver;в Твери
Теберда;teberda;в Теберде
Тейково;tejkovo;в Тейково
Темников;temnikov;в Темникове
Темрюк;temryuk;в Темрюке
Терек;terek;в Тереке
Тетюши;tetyushi;в Тетюшах
Тимашёвск;timashyovsk;в Тимашёвске
Тихвин;tihvin;в Тихвине
Тихорецк;tihoreck;в Тихорецке
Тобольск;tobolsk;в Тобольске
Тогучин;toguchin;в Тогучине
Тольятти;tolyatti;в Тольятти
Томари;tomari;в Томари
Томмот;tommot;в Томмоте
Томск;tomsk;в Томске
Топки;topki;в Топках
Торжок;torzhok;в Торжке
Торопец;toropec;в Торопце
Тосно;tosno;в Тосно
Тотьма;totma;в Тотьме
Трёхгорный;tryohgornyj;в Трёхгорном
Троицк;troick;в Троицке
Трубчевск;trubchevsk;в Трубчевске
Туапсе;tuapse;в Туапсе
Туймазы;tujmazy;в Туймазах
Тула;tula;в Туле
Тулун;tulun;в Тулуне
Туран;turan;в Туране
Туринск;turinsk;в Туринске
Тутаев;tutaev;в Тутаеве
Тында;tynda;в Тынде
Тырныауз;tyrnyauz;в Тырныаузе
Тюкалинск;tyukalinsk;в Тюкалинске
Тюмень;tyumen;в Тюмени
Уварово;uvarovo;в Уварово
Углегорск;uglegorsk;в Углегорске
Углич;uglich;в Угличе
Удачный;udachnyj;в Удачном
Удомля;udomlya;в Удомле
Ужур;uzhur;в Ужуре
Узловая;uzlovaya;в Узловой
Улан-Удэ;ulan-ude;в Улан-Удэ
Ульяновск;ulyanovsk;в Ульяновске
Унеча;unecha;в Унече
Урай;uraj;в Урае
Урень;uren;в Урене
Уржум;urzhum;в Уржуме
Урус-Мартан;urus-martan;в Урус-Мартане
Урюпинск;uryupinsk;в Урюпинске
Усинск;usinsk;в Усинске
Усмань;usman;в Усмани
Усолье;usole;в Усолье
Усолье-Сибирское;usole-sibirskoe;в Усолье-Сибирском
Уссурийск;ussurijsk;в Уссурийске
Усть-Джегута;ust-dzheguta;в Усть-Джегуте
Усть-Илимск;ust-ilimsk;в Усть-Илимске
Усть-Катав;ust-katav;в Усть-Катаве
Усть-Кут;ust-kut;в Усть-Куте
Усть-Лабинск;ust-labinsk;в Усть-Лабинске
Устюжна;ustyuzhna;в Устюжне
Уфа;ufa;в Уфе
Ухта;uhta;в Ухте
Учалы;uchaly;в Учалах
Уяр;uyar;в Уяре
Фатеж;fatezh;в Фатеже
Феодосия;feodosiya;в Феодосии
Фокино;fokino;в Фокино
Фролово;frolovo;во Фролово
Фрязино;fryazino;во Фрязино
Фурманов;furmanov;в Фурманове
Хабаровск;habarovsk;в Хабаровске
Хадыженск;hadyzhensk;в Хадыженске
Ханты-Мансийск;hanty-mansijsk;в Ханты-Мансийске
Харабали;harabali;в Харабали
Харовск;harovsk;в Харовске
Хасавюрт;hasavyurt;в Хасавюрте
Хвалынск;hvalynsk;в Хвалынске
Хилок;hilok;в Хилке
Химки;himki;в Химках
Холм;holm;в Холме
Холмск;holmsk;в Холмске
Хотьково;hotkovo;в Хотьково
Цивильск;civilsk;в Цивильске
Цимлянск;cimlyansk;в Цимлянске
Чадан;chadan;в Чадане
Чайковский;chajkovskij;в Чайковском
Чапаевск;chapaevsk;в Чапаевске
Чаплыгин;chaplygin;в Чаплыгине
Чебаркуль;chebarkul;в Чебаркуле
Чебоксары;cheboksary;в Чебоксарах
Чегем;chegem;в Чегеме
Чекалин;chekalin;в Чекалине
Челябинск;chelyabinsk;в Челябинске
Чердынь;cherdyn;в Чердыни
Черемхово;cheremhovo;в Черемхово
Черепаново;cherepanovo;в Черепаново
Череповец;cherepovec;в Череповце
Черкесск;cherkessk;в Черкесске
Чёрмоз;chyormoz;в Чёрмозе
Черноголовка;chernogolovka;в Черноголовке
Черногорск;chernogorsk;в Черногорске
Чернушка;chernushka;в Чернушке
Черняховск;chernyahovsk;в Черняховске
Чехов;chekhov;в Чехове
Чистополь;chistopol;в Чистополе
Чита;chita;в Чите
Чкаловск;chkalovsk;в Чкаловске
Чудово;chudovo;в Чудово
Чулым;chulym;в Чулыме
Чусовой;chusovoj;в Чусовом
Чухлома;chuhloma;в Чухломе
Шагонар;shagonar;в Шагонаре
Шадринск;shadrinsk;в Шадринске
Шали;shali;в Шали
Шарыпово;sharypovo;в Шарыпово
Шарья;sharya;в Шарье
Шатура;shatura;в Шатуре
Шахтёрск;shahtyorsk;в Шахтёрске
Шахты;shahty;в Шахтах
Шахунья;shahunya;в Шахунье
Шацк;shack;в Шацке
Шебекино;shebekino;в Шебекино
Шелехов;shelekhov;в Шелехове
Шенкурск;shenkursk;в Шенкурске
Шилка;shilka;в Шилке
Шимановск;shimanovsk;в Шимановске
Шиханы;shihany;в Шиханах
Шлиссельбург;shlisselburg;в Шлиссельбурге
Шумерля;shumerlya;в Шумерле
Шумиха;shumiha;в Шумихе
Шуя;shuya;в Шуе
Щёкино;shchyokino;в Щёкино
Щёлково;shchyolkovo;в Щёлково
Щербинка;shcherbinka;в Щербинке
Щигры;shchigry;в Щиграх
Щучье;shchuche;в Щучьем
Электрогорск;elektrogorsk;в Электрогорске
Электросталь;elektrostal;в Электростали
Электроугли;elektrougli;в Электроугли
Элиста;elista;в Элисте
Энгельс;engels;в Энгельсе
Эртиль;ertil;в Эртиле
Юбилейный;yubilejnyj;в Юбилейном
Югорск;yugorsk;в Югорске
Южа;yuzha;в Юже
Южно-Сахалинск;yuzhno-sahalinsk;в Южно-Сахалинске
Южно-Сухокумск;yuzhno-suhokumsk;в Южно-Сухокумске
Южноуральск;yuzhnouralsk;в Южноуральске
Юрга;yurga;в Юрге
Юрьевец;yurevec;в Юрьевце
Юрьев-Польский;yurev-polskij;в Юрьев-Польском
Юрюзань;yuryuzan;в Юрюзани
Юхнов;yuhnov;в Юхнове
Ядрин;yadrin;в Ядрине
Якутск;yakutsk;в Якутске
Ялта;yalta;в Ялте
Ялуторовск;yalutorovsk;в Ялуторовске
Янаул;yanaul;в Янауле
Яранск;yaransk;в Яранске
Яровое;yarovoe;в Яровом
Ярославль;yaroslavl;в Ярославле
Ярцево;yarcevo;в Ярцево
Ясногорск;yasnogorsk;в Ясногорске
Ясный;yasnyj;в Ясном
Яхрома;yahroma;в Яхроме
;;
;;
;;
;;
;;
;;
;;
;;
;;
;;
;;
;;
;;
;;
;;
;;
;;
;;
;;
;;
;;
;;
;;
;;
;;
;;
;;
;;
;;
;;
;;
;;
;;
;;
;;
;;
;;
;;
;;
;;
;;
;;
;;
;;
;;
;;
;;
;;
;;
;;
;;
;;
;;
;;
;;
;;
;;
;;
;;
;;
;;
;;
;;
;;
;;
;;
;;
;;
;;
;;
;;
;;
;;
;;
;;
;;
;;
;;
;;
;;
;;
;;
;;
;;
;;
;;
;;
;;
;;
;;
;;
;;
;;
;;
;;
;;
;;
;;
;;
;;
;;
;;
;;
;;
;;
;;
;;
;;
;;
;;
;;
;;
;;
;;
;;
;;
;;
;;
;;
;;
;;
;;
;;
;;
;;
;;
;;
;;
;;
;;
;;
;;
;;
;;
;;
;;
;;
;;
;;
;;
;;
;;
;;
;;
;;
;;
;;
;;
;;
;;
;;
;;
;;
;;
;;
;;
;;
;;
;;
;;
;;
;;
;;
;;
;;
;;
;;
;;
;;
;;
;;
;;
;;
;;
;;
;;
;;
;;
;;
;;
;;
;;
;;
;;
;;
;;
;;
;;
;;
;;
;;
;;
;;
;;
;;
;;
;;
;;
;;
;;
;;
;;
;;
;;
;;
;;
;;
;;
;;
;;
;;
;;
;;
;;
;;
;;
;;
;;
;;
;;
;;
;;
;;
;;
;;
;;
;;
;;
;;
;;
;;
;;
